building_id;load_condition;EUI;off_impact;weekend_impact
Bear_education_Alfredo;Summer;1.12471589;-17.8;-46.33
Bear_education_Alfredo;Winter;1.435426792;-35.35;-53.455
Bear_education_Alvaro;Summer;1.760937402;-54.56;-43.995
Bear_education_Alvaro;Winter;0.159721991;-50.4;-42.365
Bear_education_Arnold;Summer;11.67577357;389;43.55
Bear_education_Arnold;Winter;12.91899292;65.6;-21.595
Bear_education_Augusta;Summer;36.80997363;-64.38;-70.41
Bear_education_Augusta;Winter;36.86079844;-66.16;-70.89
Bear_education_Austin;Summer;43.06999958;-77.03;-82.025
Bear_education_Austin;Winter;0.043148434;-77.64;-80.51
Bear_education_Babara;Summer;1.893538405;22.85;-15.79
Bear_education_Babara;Winter;180.3039544;18.72;-21.73
Bear_education_Benita;Summer;1.882291081;3.04;-23.475
Bear_education_Benita;Winter;176.079272;23.27;-16.39
Bear_education_Benjamin;Summer;5.727380565;-1.05;-35
Bear_education_Benjamin;Winter;6.643832689;13.64;-23.23
Bear_education_Bob;Summer;19.89804289;-68.05;-66.75
Bear_education_Bob;Winter;20.70425966;-72;-66.17
Bear_education_Bonita;Summer;1.912127698;-16.96;-45.87
Bear_education_Bonita;Winter;2.05325746;-13.78;-30.885
Bear_education_Bulah;Summer;2.935128811;20.83;-15.2
Bear_education_Bulah;Winter;0.270518981;19.62;-16.28
Bear_education_Carlo;Summer;12.63161691;-55.555;-68.445
Bear_education_Carlo;Winter;0.013277791;-49.12;-68.96
Bear_education_Chad;Summer;1.217106705;-39.47;-36.51
Bear_education_Chad;Winter;0.107841021;-17.005;-33.425
Bear_education_Chana;Summer;24.10184759;-26.5;-42.85
Bear_education_Chana;Winter;25.50993076;-45.73;-48.815
Bear_education_Chun;Summer;126.8250856;-18.83;-33.885
Bear_education_Chun;Winter;92.52402275;-31.48;-42.34
Bear_education_Clint;Summer;62.1349223;-18.36;-41.01
Bear_education_Clint;Winter;63.29397456;-19.68;-40.485
Bear_education_Curtis;Summer;0.72910176;-8.595;-31.91
Bear_education_Curtis;Winter;71.94974232;-19.515;-35.425
Bear_education_Danna;Summer;0.480260495;-47.15;-71.135
Bear_education_Danna;Winter;0.043337534;-62.43;-76.78
Bear_education_Darrell;Summer;31.85724529;-78.05;-73.395
Bear_education_Darrell;Winter;30.4058735;-79.385;-74.945
Bear_education_Deena;Summer;21.69082917;-36.255;-52.97
Bear_education_Deena;Winter;21.0424306;-46.08;-52.52
Bear_education_Destiny;Summer;99.76825543;-60.31;-55.025
Bear_education_Destiny;Winter;91.28426572;-55.76;-54.19
Bear_education_Elise;Summer;30.87170328;-81.32;-51.455
Bear_education_Elise;Winter;32.28419207;-78.18;-46.995
Bear_education_Fannie;Summer;1.75790046;25.47;-16.2
Bear_education_Fannie;Winter;169.8105676;56.69;-3.53
Bear_education_Gavin;Summer;57.98530778;0.5;-27.79
Bear_education_Gavin;Winter;0.052051918;19.09;-25.24
Bear_education_Herb;Summer;22.90685275;-66;-65.675
Bear_education_Herb;Winter;25.65678888;-74.325;-69.18
Bear_education_Herman;Summer;3.158518299;-22.93;-55.33
Bear_education_Herman;Winter;3.234888321;-15.27;-53.635
Bear_education_Holly;Summer;7.109452989;19.89;-26.16
Bear_education_Holly;Winter;7.856353543;65.21;-13.17
Bear_education_Irene;Summer;147.8977408;Inf;7.125
Bear_education_Irene;Winter;149.5222599;Inf;-6.395
Bear_education_Iris;Summer;37.36093248;-83.07;-69.25
Bear_education_Iris;Winter;40.98755294;-78.41;-68.815
Bear_education_Katy;Summer;0.436610729;-42.37;-52
Bear_education_Katy;Winter;0.036090123;-31.9;-49.8
Bear_education_Lashanda;Summer;32.46826504;-70.37;-59.615
Bear_education_Lashanda;Winter;31.74040639;-76.39;-65.12
Bear_education_Laurette;Summer;54.31472734;4.79;-25.05
Bear_education_Laurette;Winter;54.59172304;-12.56;-30.115
Bear_education_Leonel;Summer;0.769914501;-84.71;-78.095
Bear_education_Leonel;Winter;0.06901532;-83.3;-77.44
Bear_education_Lewis;Summer;22.24257323;-36.59;-57.765
Bear_education_Lewis;Winter;22.17622773;-49.07;-61.92
Bear_education_Lidia;Summer;18.4061855;-24.96;-52.59
Bear_education_Lidia;Winter;19.22547453;-40.51;-59.28
Bear_education_Lila;Summer;82.00386046;-58.93;-47.8
Bear_education_Lila;Winter;80.08732728;-61.5;-49.8
Bear_education_Liliana;Summer;107.8177642;-43.51;-42.75
Bear_education_Liliana;Winter;0.10112035;-42.615;-44.5
Bear_education_Lorie;Summer;1.589844556;-47.76;-43.145
Bear_education_Lorie;Winter;0.149297798;-50.57;-42.905
Bear_education_Mara;Summer;183.0872459;-22.62;-33.18
Bear_education_Mara;Winter;182.1465589;-23.23;-35.67
Bear_education_Marie;Summer;21.33610068;-52.06;-68.675
Bear_education_Marie;Winter;22.38865587;-53.105;-69.39
Bear_education_Marsha;Summer;36.91833698;-23.86;-47.75
Bear_education_Marsha;Winter;36.6431386;-34.14;-49.71
Bear_education_Marta;Summer;40.1818239;-73.68;-65.37
Bear_education_Marta;Winter;42.47108896;-79.34;-68.67
Bear_education_Maryjane;Summer;1.88020538;-10.79;-28.81
Bear_education_Maryjane;Winter;0.163987;44.74;-10.925
Bear_education_Merrill;Summer;0.305507292;-29.3;-50.735
Bear_education_Merrill;Winter;28.04135982;-43.54;-57.115
Bear_education_Millie;Summer;20.82406189;-40.63;-40.42
Bear_education_Millie;Winter;23.50035084;67.26;-12.755
Bear_education_Nanette;Summer;82.39534994;-78.63;-54.195
Bear_education_Nanette;Winter;78.21864587;-80.315;-57.24
Bear_education_Oscar;Summer;22.2525869;-67.83;-61.02
Bear_education_Oscar;Winter;21.05024297;-55.45;-57.46
Bear_education_Owen;Summer;35.47995346;-75.96;-62.06
Bear_education_Owen;Winter;36.59487681;-77.285;-60.05
Bear_education_Patricia;Summer;1.633192468;-17.145;-32.82
Bear_education_Patricia;Winter;0.155964964;-22.22;-34.95
Bear_education_Pattie;Summer;1.03833289;17.64;-20.32
Bear_education_Pattie;Winter;102.7972418;2.665;-27.19
Bear_education_Rebecca;Summer;225.9101803;0.45;-23.135
Bear_education_Rebecca;Winter;0.223967173;1.14;-29.27
Bear_education_Sandy;Summer;22.35520836;16.64;-29.255
Bear_education_Sandy;Winter;22.81857904;-12.27;-39.375
Bear_education_Sharon;Summer;91.28601243;-15.87;-31.45
Bear_education_Sharon;Winter;95.65119478;-18.15;-35.68
Bear_education_Tara;Summer;16.63394345;-29.73;-51.155
Bear_education_Tara;Winter;0.020207999;-39.375;-55.005
Bear_education_Thuy;Summer;39.62719896;-69.66;-60.155
Bear_education_Thuy;Winter;40.41582396;-69.11;-61.84
Bear_education_Val;Summer;0.948050419;-16.71;-33.85
Bear_education_Val;Winter;98.14777383;-19.03;-38.48
Bear_education_Wilton;Summer;2.435152336;-12.93;-27.79
Bear_education_Wilton;Winter;243.2653143;-13.57;-31.335
Bear_education_Wm;Summer;25.03460329;-19.81;-42.635
Bear_education_Wm;Winter;25.83740679;-24.84;-47.25
Bear_education_Yuri;Summer;19.75637666;-80.63;-80.37
Bear_education_Yuri;Winter;21.85865984;-78.855;-78.63
Bear_education_Yvette;Summer;34.20289999;-41.64;-51.085
Bear_education_Yvette;Winter;0.034898496;-42.61;-54.845
Bear_education_Zandra;Summer;296.6162564;45.24;-0.52
Bear_education_Zandra;Winter;293.1828349;-19.94;-30.175
Bull_education_Annette;Summer;0.057127606;-12.68;-32.57
Bull_education_Annette;Winter;84.523179;-39.54;-37.13
Bull_education_Antonia;Summer;56.2889608;-14.87;-36.74
Bull_education_Antonia;Winter;52.31254457;-41.51;-37.7
Bull_education_Arthur;Summer;80.66285683;-67.615;-50.26
Bull_education_Arthur;Winter;79.32524345;-68.21;-50.88
Bull_education_Barry;Summer;241.7649427;-27.515;-34.61
Bull_education_Barry;Winter;237.8613954;-34.05;-35.855
Bull_education_Brain;Summer;71.85670998;-17.48;-32.82
Bull_education_Brain;Winter;73.29290419;-26.25;-38.64
Bull_education_Brandi;Summer;43.76959723;-29.6;-54
Bull_education_Brandi;Winter;44.76957849;-36.94;-53.865
Bull_education_Brenda;Summer;0.027862987;33.895;-1.72
Bull_education_Brenda;Winter;0.075524894;-47.06;-46.985
Bull_education_Bryon;Summer;0.020722569;-55.97;-52.42
Bull_education_Bryon;Winter;32.9588801;-59.51;-58.345
Bull_education_Carl;Summer;111.2105316;-24.47;-33.39
Bull_education_Carl;Winter;106.5972178;-25.655;-37.07
Bull_education_Clarice;Summer;29.83724864;-33.84;-45.95
Bull_education_Clarice;Winter;26.92555387;-7.2;-26.78
Bull_education_Clarita;Summer;81.53645055;-40.73;-42.045
Bull_education_Clarita;Winter;82.16129859;-41.71;-43.46
Bull_education_Dakota;Summer;70.52469394;-76.725;-62.73
Bull_education_Dakota;Winter;0.115697696;-78.57;-69.045
Bull_education_Dan;Summer;63.31000385;9.625;-21.74
Bull_education_Dan;Winter;65.08835113;-31.38;-36.83
Bull_education_Dania;Summer;32.8437482;1.965;-15.72
Bull_education_Dania;Winter;32.50759098;-58.59;-53.43
Bull_education_Delia;Summer;129.5645456;-46.13;-39.37
Bull_education_Delia;Winter;131.2610729;-46.94;-39.83
Bull_education_Dora;Summer;33.03114338;-73.995;-55.99
Bull_education_Dora;Winter;33.52986501;-73.93;-62.39
Bull_education_Dottie;Summer;142.615164;-7.43;-28.41
Bull_education_Dottie;Winter;130.2345089;-54.46;-42.02
Bull_education_Elva;Summer;45.67730251;-45.655;-40.59
Bull_education_Elva;Winter;44.34955583;-21.66;-38.67
Bull_education_Fabiola;Summer;79.17418958;-74.475;-59.33
Bull_education_Fabiola;Winter;78.37928962;-75.875;-61.78
Bull_education_Geneva;Summer;67.67508167;-25.29;-48.34
Bull_education_Geneva;Winter;51.72926612;-43.6;-46.435
Bull_education_Genie;Summer;38.93973296;-66.185;-52.68
Bull_education_Genie;Winter;40.31399102;-65.93;-58.335
Bull_education_Gregory;Summer;0.012766324;-47.555;-54.82
Bull_education_Gregory;Winter;17.01771113;-46.6;-59.5
Bull_education_Hayley;Summer;0.027545991;-15.11;-28.65
Bull_education_Hayley;Winter;40.94322716;-18.255;-35.36
Bull_education_Jae;Summer;141.8413644;-10.79;-30.61
Bull_education_Jae;Winter;135.1467722;-25.14;-36.26
Bull_education_Jeffery;Summer;906.8097431;139.275;15.33
Bull_education_Jeffery;Winter;871.681479;36.32;2.29
Bull_education_Joseph;Summer;32.7010741;-57.175;-52.87
Bull_education_Joseph;Winter;34.19455029;-65.035;-58.22
Bull_education_Juan;Summer;40.07104595;-60.57;-52.955
Bull_education_Juan;Winter;35.68711003;-69.98;-60.135
Bull_education_Kendra;Summer;0.079075387;-58.415;-50.91
Bull_education_Kendra;Winter;125.9377318;-73.015;-58.97
Bull_education_Krista;Summer;0.033681526;-75.97;-56.69
Bull_education_Krista;Winter;53.88044618;-75.13;-56.59
Bull_education_Kristal;Summer;93.94680669;-39.3;-37.37
Bull_education_Kristal;Winter;93.58865509;-28.49;-37.625
Bull_education_Lenny;Summer;0.023299403;-26.45;-37.61
Bull_education_Lenny;Winter;35.91934448;-47.61;-47.795
Bull_education_Linnie;Summer;57.83999441;-66.925;-62.79
Bull_education_Linnie;Winter;0.101901482;-75.21;-65.745
Bull_education_Luke;Summer;0.052809594;-24.69;-38.41
Bull_education_Luke;Winter;84.26821519;-65.85;-56.765
Bull_education_Lydia;Summer;47.58114557;-39.765;-42.26
Bull_education_Lydia;Winter;41.76363467;-34.66;-44.05
Bull_education_Lyn;Summer;47.82551168;-79.8;-57.77
Bull_education_Lyn;Winter;45.48455039;-78.16;-57.6
Bull_education_Magaret;Summer;39.44094989;-40.655;-52
Bull_education_Magaret;Winter;41.90228719;-63.63;-59.455
Bull_education_Mario;Summer;0.032907299;-62.63;-58.57
Bull_education_Mario;Winter;54.89225247;-73.11;-62.185
Bull_education_Matilda;Summer;34.68686283;-30.695;-33.88
Bull_education_Matilda;Winter;0.073353312;-54.43;-43.97
Bull_education_Mervin;Summer;38.52685398;-51.99;-41.06
Bull_education_Mervin;Winter;40.60301571;-54.775;-47.3
Bull_education_Miquel;Summer;0.032010786;-73.68;-55.94
Bull_education_Miquel;Winter;48.07318363;-75.59;-60.41
Bull_education_Miranda;Summer;70.15301147;-4.485;-28.65
Bull_education_Miranda;Winter;71.40977936;-13.26;-31.32
Bull_education_Myra;Summer;35.86209317;-47.955;-45.13
Bull_education_Myra;Winter;40.19417627;-75.725;-59.14
Bull_education_Nichole;Summer;0.030043875;-37.43;-49.78
Bull_education_Nichole;Winter;47.53883383;-28.24;-47.66
Bull_education_Nina;Summer;93.66143269;-38.25;-37.28
Bull_education_Nina;Winter;89.5918863;-41.2;-40.96
Bull_education_Nolan;Summer;0.022287754;-40.815;-38.73
Bull_education_Nolan;Winter;34.55859022;-49.41;-48.815
Bull_education_Olive;Summer;0.04382039;-74.385;-61.06
Bull_education_Olive;Winter;54.87540134;-70.59;-62.87
Bull_education_Pablo;Summer;35.72595056;-71.625;-58.4
Bull_education_Pablo;Winter;36.30143927;-74.095;-64.27
Bull_education_Pamela;Summer;38.19443469;-72.065;-55.73
Bull_education_Pamela;Winter;0.065258028;-72.155;-57.58
Bull_education_Patrina;Summer;15.88912631;-50.965;-46.82
Bull_education_Patrina;Winter;16.5302442;-56.69;-50.12
Bull_education_Racheal;Summer;69.79638595;-53.645;-48.27
Bull_education_Racheal;Winter;68.61217448;-54.71;-50.6
Bull_education_Reina;Summer;41.01463094;-57.995;-47.22
Bull_education_Reina;Winter;0.066310164;-41.76;-46.51
Bull_education_Reynaldo;Summer;32.7531431;-33.63;-41.59
Bull_education_Reynaldo;Winter;35.43165098;-53.37;-49.46
Bull_education_Roland;Summer;53.6238784;-78.24;-56.25
Bull_education_Roland;Winter;49.261575;-82.555;-58.77
Bull_education_Sebastian;Summer;32.44208922;-67.195;-58.87
Bull_education_Sebastian;Winter;33.35676954;-67.695;-62.14
Bull_education_Shona;Summer;0.406061605;327.545;30.72
Bull_education_Shona;Winter;609.0274726;93.85;14.16
Bull_education_Stewart;Summer;76.34091678;-21.025;-33.15
Bull_education_Stewart;Winter;70.22808996;-29.26;-37.165
Bull_education_Summer;Summer;39.55747421;-48.5;-50.46
Bull_education_Summer;Winter;38.69993461;-63.215;-59.07
Bull_education_Tracey;Summer;0.021670835;-64.89;-58.72
Bull_education_Tracey;Winter;35.41295336;-65.13;-60.66
Bull_education_Venita;Summer;34.85377952;-46.62;-44.1
Bull_education_Venita;Winter;33.12709072;-54.105;-51.62
Bull_education_Violeta;Summer;43.11785105;-71.29;-64.885
Bull_education_Violeta;Winter;42.67139698;-72.65;-69.735
Cockatoo_education_Amira;Summer;94.44352149;-22.595;-33.84
Cockatoo_education_Amira;Winter;67.821397;254.94;32.24
Cockatoo_education_Brigitte;Summer;120.8147443;-46.84;-45.7
Cockatoo_education_Brigitte;Winter;122.4677892;-53.12;-44.7
Cockatoo_education_Charity;Summer;51.26475177;18.88;-22.125
Cockatoo_education_Charity;Winter;53.21167321;0.965;-30.88
Cockatoo_education_Claudine;Summer;121.1058935;-17.525;-33.745
Cockatoo_education_Claudine;Winter;128.8994772;-28.72;-38.33
Cockatoo_education_Clifton;Summer;1.084432932;-13.37;-31.08
Cockatoo_education_Clifton;Winter;1.11375844;-13.29;-30.795
Cockatoo_education_Collin;Summer;214.5179207;-74.76;-53.1
Cockatoo_education_Collin;Winter;219.7961132;-75.07;-53.54
Cockatoo_education_Deloris;Summer;8.226331343;-46.95;-41.44
Cockatoo_education_Deloris;Winter;8.252932029;-52.015;-37.76
Cockatoo_education_Doreen;Summer;47.81143385;-46.755;-49.285
Cockatoo_education_Doreen;Winter;46.6014042;-62.89;-52.565
Cockatoo_education_Erik;Summer;0.282860913;-18.91;-37.57
Cockatoo_education_Erik;Winter;52.97054128;-18.11;-33.96
Cockatoo_education_Eunice;Summer;138.0533128;-42.96;-52.01
Cockatoo_education_Eunice;Winter;146.2774403;-43.29;-50.115
Cockatoo_education_Flora;Summer;277.2925085;-32.47;-35.42
Cockatoo_education_Flora;Winter;267.9221245;-20.235;-31.13
Cockatoo_education_Gussie;Summer;137.8529062;-32.04;-49.85
Cockatoo_education_Gussie;Winter;137.8527328;-22.12;-44.35
Cockatoo_education_Helene;Summer;141.8694015;-2.4;-31.005
Cockatoo_education_Helene;Winter;158.5311682;-17.195;-35.94
Cockatoo_education_Jack;Summer;10.22464106;-21.42;-50.165
Cockatoo_education_Jack;Winter;10.46101391;-29.22;-54.135
Cockatoo_education_Janet;Summer;0.737761013;-40.67;-41.045
Cockatoo_education_Janet;Winter;138.1980562;-40.4;-40.74
Cockatoo_education_Joeann;Summer;67.9326723;-54.655;-60.63
Cockatoo_education_Joeann;Winter;68.19085921;-53.97;-62.55
Cockatoo_education_Joel;Summer;0.380871657;-60.45;-47.98
Cockatoo_education_Joel;Winter;74.36725395;-35.855;-35.21
Cockatoo_education_Jon;Summer;39.71426973;-1.685;-42.22
Cockatoo_education_Jon;Winter;46.73498336;-57.15;-61.3
Cockatoo_education_Julia;Summer;37.78234003;0.915;-29.75
Cockatoo_education_Julia;Winter;40.43145878;-34.065;-47.72
Cockatoo_education_Julio;Summer;0.372069959;-2.975;-27.83
Cockatoo_education_Julio;Winter;87.19076495;-27.13;-34.19
Cockatoo_education_June;Summer;47.45561945;-36.37;-44.03
Cockatoo_education_June;Winter;44.77425064;-34.615;-40.95
Cockatoo_education_Laurence;Summer;68.41029394;-23.805;-41.715
Cockatoo_education_Laurence;Winter;76.10968856;-57.625;-60.59
Cockatoo_education_Lionel;Summer;120.1078212;-15.02;-29.855
Cockatoo_education_Lionel;Winter;130.1408256;-15.93;-33.035
Cockatoo_education_Magdalena;Summer;50.64048687;-45.845;-56.28
Cockatoo_education_Magdalena;Winter;60.39434469;-44.465;-40.29
Cockatoo_education_Marva;Summer;94.08799651;-37.42;-43.61
Cockatoo_education_Marva;Winter;95.79695986;-38.11;-45.13
Cockatoo_education_Maynard;Summer;197.3640142;36.05;-34.985
Cockatoo_education_Maynard;Winter;210.4278198;-30.46;-47.8
Cockatoo_education_Mayra;Summer;23.21277652;-36.165;-50.19
Cockatoo_education_Mayra;Winter;0.009875755;-42.43;-44.96
Cockatoo_education_Melanie;Summer;21.26586958;-42.065;-51.295
Cockatoo_education_Melanie;Winter;27.54972063;-47.82;-54.1
Cockatoo_education_Minh;Summer;42.43528193;-6.44;-26.74
Cockatoo_education_Minh;Winter;41.41842335;0.245;-39.29
Cockatoo_education_Nelda;Summer;68.87055942;-12.57;-34.56
Cockatoo_education_Nelda;Winter;75.12594388;-28.555;-39.87
Cockatoo_education_Oliver;Summer;45.26980412;-22.86;-43.815
Cockatoo_education_Oliver;Winter;41.32094209;-44.6;-48.01
Cockatoo_education_Orlando;Summer;63.73173298;-11.265;-33.545
Cockatoo_education_Orlando;Winter;67.78374476;-33.295;-39.08
Cockatoo_education_Rita;Summer;32.91411475;-32.71;-57.04
Cockatoo_education_Rita;Winter;34.03794599;-37.77;-57.845
Cockatoo_education_Shawn;Summer;116.0106277;-63.35;-51.395
Cockatoo_education_Shawn;Winter;125.4761142;-53.595;-48.44
Cockatoo_education_Sheryl;Summer;10.2806271;-58.28;-45.65
Cockatoo_education_Sheryl;Winter;12.10655809;-47.965;-44.84
Cockatoo_education_Terrence;Summer;102.2792439;44.085;-16.54
Cockatoo_education_Terrence;Winter;104.5018099;16.09;-23.57
Cockatoo_education_Tyler;Summer;166.2575519;-36.09;-38.7
Cockatoo_education_Tyler;Winter;165.58748;-35;-37.215
Fox_education_Andre;Summer;121.7582586;-30.93;-39.43
Fox_education_Andre;Winter;119.5358807;-38.36;-37.64
Fox_education_Ashli;Summer;110.8806025;-10.295;-17.825
Fox_education_Ashli;Winter;103.3185232;-27.795;-41.53
Fox_education_Burton;Summer;28.4063303;115.575;9.355
Fox_education_Burton;Winter;28.84925937;-7.9;-31.69
Fox_education_Carleen;Summer;90.77609594;-66.53;-58.65
Fox_education_Carleen;Winter;0.155562968;-65.72;-63.1
Fox_education_Charles;Summer;0.041960457;-40.515;-32.25
Fox_education_Charles;Winter;0.159799445;17.92;-31.44
Fox_education_Claire;Summer;28.9381011;-71.945;-70.41
Fox_education_Claire;Winter;32.45799168;-70.345;-68.28
Fox_education_Claude;Summer;237.5867485;-4.64;-24.67
Fox_education_Claude;Winter;241.0939919;-4.27;-23.31
Fox_education_Cynthia;Summer;127.8078734;-37.845;-43.12
Fox_education_Cynthia;Winter;0.379303349;27.705;-20
Fox_education_Delma;Summer;43.15028796;-88.99;-53.87
Fox_education_Delma;Winter;30.4147475;-66.355;-45.68
Fox_education_Dewayne;Summer;39.7494251;-64.1;-66.965
Fox_education_Dewayne;Winter;34.36146006;-63.27;-67.4
Fox_education_Dominique;Summer;91.56447728;-19.935;-32.435
Fox_education_Dominique;Winter;89.6262888;-31.64;-35.55
Fox_education_Eddy;Summer;0.03870098;-63.615;-48.695
Fox_education_Eddy;Winter;107.3431822;-65.92;-51.08
Fox_education_Eldon;Summer;195.6248498;11.2;-21.975
Fox_education_Eldon;Winter;187.8890752;10.59;-19.96
Fox_education_Elois;Summer;71.03110791;-45.22;-52.635
Fox_education_Elois;Winter;73.03936691;-48.735;-45.77
Fox_education_Elvira;Summer;51.66662689;-57.64;-53.34
Fox_education_Elvira;Winter;0.164748229;-65.225;-53.79
Fox_education_Etta;Summer;0.098787677;-13.355;-21.395
Fox_education_Etta;Winter;157.7213868;-27.15;-33.93
Fox_education_Geoffrey;Summer;39.48012709;-37.945;-39.325
Fox_education_Geoffrey;Winter;40.60210503;-41.49;-42.08
Fox_education_Gloria;Summer;202.7455159;9.69;-20.07
Fox_education_Gloria;Winter;202.2559193;-13.28;-29.6
Fox_education_Henrietta;Summer;487.6679407;21.875;-12.065
Fox_education_Henrietta;Winter;1.021408729;25.24;-31.33
Fox_education_Heriberto;Summer;51.07789013;-68.06;-55.23
Fox_education_Heriberto;Winter;45.54568693;-76.61;-61.55
Fox_education_Jaclyn;Summer;127.734335;114.305;17.415
Fox_education_Jaclyn;Winter;127.1013419;96.26;-10.4
Fox_education_Janina;Summer;61.17240344;-40.75;-46.79
Fox_education_Janina;Winter;67.36018673;-47.97;-49.12
Fox_education_John;Summer;0.026370872;-73.91;-60.31
Fox_education_John;Winter;48.52523945;-71.485;-63.42
Fox_education_Kendrick;Summer;56.60019952;-85.885;-74.395
Fox_education_Kendrick;Winter;59.04967798;-82.455;-77.48
Fox_education_Kim;Summer;42.18581052;-79.33;-61.94
Fox_education_Kim;Winter;43.62632867;-71.8;-59.57
Fox_education_Kris;Summer;0.090734088;-76.64;-56.235
Fox_education_Kris;Winter;0.389657141;-74.38;-57.43
Fox_education_Leona;Summer;46.82740399;-53.42;-52.625
Fox_education_Leona;Winter;45.47226536;-51.07;-52.95
Fox_education_Leota;Summer;76.36956191;-73.68;-59.325
Fox_education_Leota;Winter;74.97523691;-70.435;-60.65
Fox_education_Lesley;Summer;36.94482515;-51.13;-71.845
Fox_education_Lesley;Winter;0.102310865;-50.095;-73.38
Fox_education_Lilly;Summer;65.13869879;-18.675;-33.9
Fox_education_Lilly;Winter;66.70888646;-41.54;-50.32
Fox_education_Long;Summer;49.47160619;-81.595;-61.925
Fox_education_Long;Winter;50.65804631;-80.64;-62.42
Fox_education_Louie;Summer;20.33005341;73.685;-18.905
Fox_education_Louie;Winter;0.059971461;-49.65;-47.21
Fox_education_Marcelina;Summer;30.69422405;-70.88;-62.46
Fox_education_Marcelina;Winter;0.156193859;-62.99;-57.71
Fox_education_Marlana;Summer;135.9251542;1.17;-30.505
Fox_education_Marlana;Winter;135.8002564;17.42;-26.72
Fox_education_Melinda;Summer;88.74284222;-24.88;-33.7
Fox_education_Melinda;Winter;0.230000634;-16.31;-32.14
Fox_education_Miguelina;Summer;55.35031896;-82.4;-68.55
Fox_education_Miguelina;Winter;47.4675875;-72.44;-71.225
Fox_education_Nilda;Summer;60.52103758;-47.74;-49.565
Fox_education_Nilda;Winter;57.78514251;-48.65;-50.63
Fox_education_Ollie;Summer;68.61484461;-59.685;-45.44
Fox_education_Ollie;Winter;0.202503534;-52.175;-47.44
Fox_education_Otilia;Summer;136.6242835;-34.435;-37.21
Fox_education_Otilia;Winter;135.3860282;-23.775;-35.635
Fox_education_Ray;Summer;166.4627457;16.485;-22.865
Fox_education_Ray;Winter;0.619082154;36.155;-16.19
Fox_education_Rosie;Summer;61.18790496;1.43;-20.775
Fox_education_Rosie;Winter;0.205749314;81.74;9.51
Fox_education_Rudolph;Summer;45.98542282;-38.31;-44.53
Fox_education_Rudolph;Winter;46.32563028;-51.495;-58.95
Fox_education_Shaun;Summer;46.82588303;-63.755;-64.59
Fox_education_Shaun;Winter;0.176420655;-36.875;-66.03
Fox_education_Shawanda;Summer;0.023389999;-81.345;-70.55
Fox_education_Shawanda;Winter;28.70656182;-53.705;-54.77
Fox_education_Stacia;Summer;108.5006978;28.42;-15.39
Fox_education_Stacia;Winter;108.7496145;25.7;-17.85
Fox_education_Sterling;Summer;25.32120124;-75.665;-69.73
Fox_education_Sterling;Winter;0.062181544;-64.465;-72.07
Fox_education_Suzan;Summer;45.94397558;-16.325;-37.395
Fox_education_Suzan;Winter;44.03582548;-39.755;-49.74
Fox_education_Tamika;Summer;88.23938417;-73.77;-64.35
Fox_education_Tamika;Winter;65.01202102;-56.475;-56.1
Fox_education_Theodore;Summer;104.7606193;31.045;-16.24
Fox_education_Theodore;Winter;104.3159668;26.86;-14.76
Fox_education_Tonya;Summer;88.80023801;23.915;-19.685
Fox_education_Tonya;Winter;89.51399391;-23.235;-30.89
Fox_education_Virgil;Summer;65.91328273;-16.45;-35.025
Fox_education_Virgil;Winter;64.87599113;-17.63;-34.22
Fox_education_Virginia;Summer;29.0107188;-70.81;-69.37
Fox_education_Virginia;Winter;0.105269353;-55.015;-77.52
Fox_education_Wendell;Summer;114.9323056;-10.33;-30.615
Fox_education_Wendell;Winter;111.8449248;-24.5;-34.32
Fox_education_Willis;Summer;0.187935379;35.78;-9.59
Fox_education_Willis;Winter;407.0582099;35.29;-10.32
Fox_education_Yolande;Summer;137.2344035;-14.72;-30.825
Fox_education_Yolande;Winter;137.3729657;-26.83;-34.42
Hog_education_Beth;Summer;32.01166771;-62.57;-57.9
Hog_education_Beth;Winter;35.64935246;-68.33;-60.46
Hog_education_Bruno;Summer;82.00760994;-19.15;-34.67
Hog_education_Bruno;Winter;83.40127861;-20.07;-36.795
Hog_education_Caridad;Summer;0.630596128;-20.52;-20.795
Hog_education_Caridad;Winter;189.1618317;-39.94;-41.67
Hog_education_Casandra;Summer;0.422213994;-34.97;-37.45
Hog_education_Casandra;Winter;138.0474258;-10.11;-30.86
Hog_education_Cathleen;Summer;0.37431242;3.87;-35.51
Hog_education_Cathleen;Winter;164.1155553;-6.92;-39.17
Hog_education_Donnie;Summer;0.16577471;-93.595;-56.67
Hog_education_Donnie;Winter;30.09743046;-77.83;-50.45
Hog_education_George;Summer;0.333764648;-19.63;-38.245
Hog_education_George;Winter;133.5150172;-17;-36.695
Hog_education_Hallie;Summer;96.98802334;19.175;-20.3
Hog_education_Hallie;Winter;97.81528559;13.56;-24.25
Hog_education_Haywood;Summer;178.9941032;-21.44;-31.595
Hog_education_Haywood;Winter;177.9935045;-22.015;-32.08
Hog_education_Janell;Summer;1.366597351;64.33;-12.53
Hog_education_Janell;Winter;501.1632346;-15.63;-34.545
Hog_education_Jared;Summer;40.51414365;-59.98;-72.28
Hog_education_Jared;Winter;49.29816323;-67.03;-74.91
Hog_education_Jewel;Summer;40.95361244;-33.67;-45.515
Hog_education_Jewel;Winter;35.48824342;-54.98;-54.05
Hog_education_Jordan;Summer;0.085869634;-85.57;-56.14
Hog_education_Jordan;Winter;34.85564629;-73.63;-56.185
Hog_education_Leandro;Summer;0.257822403;-37.895;-40.02
Hog_education_Leandro;Winter;104.7838197;-38.45;-44.175
Hog_education_Luvenia;Summer;125.519461;-25.98;-41.7
Hog_education_Luvenia;Winter;111.3604428;-39.17;-46.88
Hog_education_Madge;Summer;57.82967315;-71.55;-60.095
Hog_education_Madge;Winter;57.95459556;-73.33;-61.74
Hog_education_Odell;Summer;167.4165349;-9.91;-27.485
Hog_education_Odell;Winter;154.2190171;-11.11;-30.09
Hog_education_Rachael;Summer;0.221978423;-6.61;-31.51
Hog_education_Rachael;Winter;0.020219257;27.06;-25.285
Hog_education_Robert;Summer;0.19070912;-56.45;-58.055
Hog_education_Robert;Winter;67.01470387;-61.8;-63.685
Hog_education_Roberto;Summer;85.06058034;-48.33;-59.93
Hog_education_Roberto;Winter;98.29089656;-67.95;-65.425
Hog_education_Sonia;Summer;165.3451158;-45.09;-47.3
Hog_education_Sonia;Winter;155.7923242;-43.75;-45.66
Hog_education_Wayne;Summer;90.56901122;-38.02;-49.26
Hog_education_Wayne;Winter;83.21721242;-43.805;-53.61
Moose_education_Abbie;Summer;419.7579635;-32.06;-47.66
Moose_education_Abbie;Winter;429.772924;-33.36;-47.51
Moose_education_Clark;Summer;181.3250224;-58.23;-61.935
Moose_education_Clark;Winter;187.6527036;-61.91;-59.96
Moose_education_Florence;Summer;188.2855098;-67;-76.3
Moose_education_Florence;Winter;200.5587413;-62.04;-71.135
Moose_education_Gladys;Summer;252.7372001;-75.3;-63.93
Moose_education_Gladys;Winter;254.7243649;-76.29;-65.73
Moose_education_Leland;Summer;1.684402311;-49.145;-58.17
Moose_education_Leland;Winter;569.4464865;-50.15;-56.99
Moose_education_Lori;Summer;212.8774561;30.72;5.945
Moose_education_Lori;Winter;0.070708685;-21.29;-18.93
Moose_education_Maria;Summer;393.9600839;993.53;151.62
Moose_education_Maria;Winter;353.4885565;-30.95;-44.615
Moose_education_Marina;Summer;103.1195583;-47.18;-57.91
Moose_education_Marina;Winter;108.2316151;-36.98;-51.55
Moose_education_Marlon;Summer;140.6233762;-53.595;-64.93
Moose_education_Marlon;Winter;145.4963373;-50.69;-63.815
Moose_education_Rene;Summer;190.7941233;-76.65;-82.62
Moose_education_Rene;Winter;206.4245145;-77.3;-80.205
Moose_education_Ricardo;Summer;330.5289594;-25.78;-44.47
Moose_education_Ricardo;Winter;381.6838144;-21.03;-40.99
Panther_education_Alecia;Summer;311.7964319;-66.06;-49.78
Panther_education_Alecia;Winter;1.971066701;-64.43;-49.75
Panther_education_Annetta;Summer;167.5149986;-69.855;-55
Panther_education_Annetta;Winter;1.107842347;-71.35;-55.72
Panther_education_Aurora;Summer;235.8309696;-81.965;-67.555
Panther_education_Aurora;Winter;231.7705718;-83.31;-69.02
Panther_education_Cleopatra;Summer;178.6025198;-71.96;-63.065
Panther_education_Cleopatra;Winter;231.7779055;-72.845;-56.24
Panther_education_Diann;Summer;0.335469951;-88.08;-61.93
Panther_education_Diann;Winter;578.1329582;-86.175;-55.67
Panther_education_Edna;Summer;202.9814141;-58.29;-52.99
Panther_education_Edna;Winter;200.1063752;-69.44;-57.48
Panther_education_Emily;Summer;299.5754151;-76.02;-51.57
Panther_education_Emily;Winter;2.01889209;-75.91;-50.535
Panther_education_Enriqueta;Summer;192.8079806;-72.135;-53.785
Panther_education_Enriqueta;Winter;1.378228138;-76.18;-53.88
Panther_education_Genevieve;Summer;318.7046873;-49.49;-43.635
Panther_education_Genevieve;Winter;332.6557955;-49.47;-44.71
Panther_education_Gina;Summer;553.7282868;24.275;-13.23
Panther_education_Gina;Winter;519.5318042;22.1;-14.81
Panther_education_Hugh;Summer;858.9093665;34.64;-0.35
Panther_education_Hugh;Winter;888.8108581;32.74;-14.875
Panther_education_Ivan;Summer;326.590156;-61.82;-48.885
Panther_education_Ivan;Winter;2.133360023;-56.385;-44.155
Panther_education_Janis;Summer;0.345131512;-45.55;-46.115
Panther_education_Janis;Winter;338.5091942;-35.43;-48.475
Panther_education_Jerome;Summer;614.786476;-25.53;-34.28
Panther_education_Jerome;Winter;608.753284;-26.125;-35.85
Panther_education_Jonathan;Summer;0.25285406;-16.19;-23.69
Panther_education_Jonathan;Winter;399.0825581;23.135;-6.02
Panther_education_Karri;Summer;1147.442606;88.175;13.35
Panther_education_Karri;Winter;6.815720645;92.73;-9.825
Panther_education_Mattie;Summer;216.7307877;-78.505;-58.16
Panther_education_Mattie;Winter;174.6455579;-60.205;-58.19
Panther_education_Misty;Summer;2206.780881;9.76;-16.685
Panther_education_Misty;Winter;10.13927946;-33.555;-24.52
Panther_education_Mohammad;Summer;214.0208756;-30.56;-42.84
Panther_education_Mohammad;Winter;212.1948878;-53.13;-55.59
Panther_education_Neal;Summer;437.487381;-76.615;-68.49
Panther_education_Neal;Winter;491.7160711;-81;-70.63
Panther_education_Quintin;Summer;0.303665338;-72.82;-51.45
Panther_education_Quintin;Winter;2.802240386;-72.67;-49.005
Panther_education_Rosalie;Summer;1351.372731;-5.575;-24.075
Panther_education_Rosalie;Winter;1346.50575;-25.8;-27.78
Panther_education_Scarlett;Summer;112.9695404;-9.405;-38.755
Panther_education_Scarlett;Winter;123.6435199;-47.8;-46.16
Panther_education_Shelton;Summer;289.3605374;-38.38;-41.365
Panther_education_Shelton;Winter;2.187660162;56.18;-2.165
Panther_education_Sophia;Summer;459.8880829;88.17;2.54
Panther_education_Sophia;Winter;471.5424769;11.555;-23.355
Panther_education_Teofila;Summer;252.0624235;-73.39;-55.05
Panther_education_Teofila;Winter;1.775894932;-72;-50.685
Panther_education_Tina;Summer;0.133327705;-53.63;-42.19
Panther_education_Tina;Winter;0.613707691;-21.2;-32.07
Panther_education_Violet;Summer;3247.220025;52.115;-0.54
Panther_education_Violet;Winter;2809.113519;27.01;-7.01
Panther_education_Zelda;Summer;153.5438079;-78.025;-53.58
Panther_education_Zelda;Winter;1.06727962;-82.605;-57.68
Peacock_education_Anita;Summer;34.62194022;-76.395;-69.38
Peacock_education_Anita;Winter;40.0245276;-67.52;-56.08
Peacock_education_Dustin;Summer;26.01953496;-60.23;-52.13
Peacock_education_Dustin;Winter;26.72041564;-69.92;-55.015
Peacock_education_Forest;Summer;52.09815749;-41.035;-41.145
Peacock_education_Forest;Winter;53.68614228;-42.66;-41.54
Peacock_education_Gilberto;Summer;195.3658571;-48.655;-43.49
Peacock_education_Gilberto;Winter;195.9312588;-46.92;-42.525
Peacock_education_Joshua;Summer;283.5964537;-36.65;-40.33
Peacock_education_Joshua;Winter;288.7756112;-45.05;-39.225
Peacock_education_Karyn;Summer;175.9743083;9.95;-19.355
Peacock_education_Karyn;Winter;172.9338529;11.54;-19.765
Peacock_education_Lyle;Summer;161.9669093;-57.17;-49.905
Peacock_education_Lyle;Winter;162.2187377;-64.83;-53.37
Peacock_education_Ophelia;Summer;275.091524;-33.4;-35.38
Peacock_education_Ophelia;Winter;283.0899369;-7.4;-30.36
Peacock_education_Pasquale;Summer;236.9943398;-11.48;-30.35
Peacock_education_Pasquale;Winter;248.2750516;-10.93;-29
Peacock_education_Patience;Summer;41.10610933;-17.74;-46.145
Peacock_education_Patience;Winter;40.66499686;-36.605;-52.96
Peacock_education_Robbie;Summer;28.81461415;-51.165;-50.03
Peacock_education_Robbie;Winter;31.9068839;-55.06;-51.53
Peacock_education_Shelly;Summer;98.24375026;-10.055;-27.655
Peacock_education_Shelly;Winter;101.1772819;5.41;-27
Peacock_education_Yolanda;Summer;43.25768695;-53.33;-50.025
Peacock_education_Yolanda;Winter;42.03673013;-58.27;-50
Rat_education_Adell;Summer;116.3873144;-66.96;-61.905
Rat_education_Adell;Winter;120.9181486;-59.395;-56
Rat_education_Adrian;Summer;17.03739375;186.18;41.055
Rat_education_Adrian;Winter;8.558244212;-52.16;-41.1
Rat_education_Alfred;Summer;24.86376586;-87.255;-56.445
Rat_education_Alfred;Winter;0.013029473;-74.05;-51.775
Rat_education_Barney;Summer;0.152638189;17.8;-25.16
Rat_education_Barney;Winter;101.3425514;14.39;-26.67
Rat_education_Beverly;Summer;0.007014315;-31.7;-37.89
Rat_education_Beverly;Winter;0.003679981;-39.39;-35.845
Rat_education_Brett;Summer;0.08094213;-67.23;-63.155
Rat_education_Brett;Winter;0.038154205;-58.76;-56.14
Rat_education_Bryant;Summer;0.018940522;4.32;-18.83
Rat_education_Bryant;Winter;0.006447521;17.135;-12.425
Rat_education_Calvin;Summer;0.022935732;-1.31;-34.135
Rat_education_Calvin;Winter;38.58993365;-4.45;-25.55
Rat_education_Candida;Summer;0.123747011;-24.43;-48.75
Rat_education_Candida;Winter;72.37827248;-39.25;-57.9
Rat_education_Carmela;Summer;0.048334268;42.315;-19.045
Rat_education_Carmela;Winter;31.03533044;267.26;18.225
Rat_education_Cecil;Summer;0.005993189;843.7;124.385
Rat_education_Cecil;Winter;7.499883016;-11.665;-26.73
Rat_education_Cedric;Summer;0.125759387;9.39;-30.165
Rat_education_Cedric;Winter;0.060695317;0.59;-36.6
Rat_education_Cinthia;Summer;0.07504486;-41.66;-52.39
Rat_education_Cinthia;Winter;0.04074065;-11.755;-22.805
Rat_education_Colin;Summer;35.05912608;-44.87;-42.255
Rat_education_Colin;Winter;19.3324397;-48.555;-58.81
Rat_education_Conrad;Summer;0.034484843;-83.075;-87.025
Rat_education_Conrad;Winter;0.008041414;8.76;-52.665
Rat_education_Dann;Summer;2.079805077;32.375;-10.94
Rat_education_Dann;Winter;0.285323401;-68.2;-46.92
Rat_education_Davis;Summer;43.05733991;-74.19;-59.875
Rat_education_Davis;Winter;0.022696439;-70.1;-56.09
Rat_education_Deanna;Summer;0.060937205;-33.795;-45.925
Rat_education_Deanna;Winter;0.035930359;-30.065;-37.205
Rat_education_Debra;Summer;0.119369417;-23.61;-42.85
Rat_education_Debra;Winter;88.36062807;-8.25;-35.32
Rat_education_Dianne;Summer;109.363774;-62.31;-46.57
Rat_education_Dianne;Winter;113.6152335;-22.1;-33.53
Rat_education_Dreama;Summer;42.39418142;-21.8;-31.61
Rat_education_Dreama;Winter;34.63692278;-37.425;-42.185
Rat_education_Earl;Summer;0.016339161;-30.465;-31
Rat_education_Earl;Winter;0.006788984;-30.505;-30.42
Rat_education_Earnest;Summer;51.21390598;-23.935;-49.205
Rat_education_Earnest;Winter;42.75580514;-38.89;-53.75
Rat_education_Edmund;Summer;0.146509378;-8.96;-40.445
Rat_education_Edmund;Winter;0.053710627;-32.315;-49.215
Rat_education_Elisa;Summer;48.75191708;-49.645;-69.05
Rat_education_Elisa;Winter;42.22811728;-56.62;-70.92
Rat_education_Elsie;Summer;3.961916132;1.18;-26.315
Rat_education_Elsie;Winter;0.003088331;61.62;-7.715
Rat_education_Esther;Summer;0.069265911;-12.995;-42.83
Rat_education_Esther;Winter;0.02889235;-44.83;-52.29
Rat_education_Everett;Summer;167.9337875;-83.125;-64.855
Rat_education_Everett;Winter;0.086354115;-82.18;-64.015
Rat_education_Fernando;Summer;61.92416034;Inf;Inf
Rat_education_Fernando;Winter;83.77097152;15.425;-20.5
Rat_education_Francisca;Summer;0.051410806;38.105;-25.755
Rat_education_Francisca;Winter;27.4156852;-7.775;-42.57
Rat_education_Gricelda;Summer;0.066309307;6.53;-24.77
Rat_education_Gricelda;Winter;65.94024399;-11.74;-30.605
Rat_education_Guillermo;Summer;0.090530839;-47.83;-46.005
Rat_education_Guillermo;Winter;55.99236634;-57.8;-49.275
Rat_education_Humberto;Summer;0.007897395;-37.765;-36.01
Rat_education_Humberto;Winter;0.003556719;-4.99;-16.515
Rat_education_Imelda;Summer;0.023770995;-58.04;-47.47
Rat_education_Imelda;Winter;16.50411205;-65.375;-48.505
Rat_education_Irma;Summer;0.009459289;218.2;20.865
Rat_education_Irma;Winter;0.00457249;75.485;7.21
Rat_education_Jacob;Summer;0.0770558;-75.245;-75.605
Rat_education_Jacob;Winter;0.039820151;-57.78;-57.775
Rat_education_Jame;Summer;1.505562824;119.53;19.915
Rat_education_Jame;Winter;1209.901643;23.965;-14.54
Rat_education_Jeanne;Summer;0.193771803;29.625;-4.66
Rat_education_Jeanne;Winter;160.8398904;30.365;-6.73
Rat_education_Jena;Summer;0.057539098;-88.85;-59.09
Rat_education_Jena;Winter;50.24831642;-87.36;-56.375
Rat_education_Jesse;Summer;0.012947439;-9.13;-24.65
Rat_education_Jesse;Winter;8.835752422;-10.285;-23.02
Rat_education_Kandice;Summer;23.28215879;100.66;-5.17
Rat_education_Kandice;Winter;0.019077187;104.61;11.44
Rat_education_Kathryn;Summer;0.000503138;11.015;-16.635
Rat_education_Kathryn;Winter;0.829263477;-42.99;-33.655
Rat_education_Keith;Summer;0.002460627;-65.56;-47.86
Rat_education_Keith;Winter;0.002090788;-65.195;-45.885
Rat_education_Kelsey;Summer;85.40797985;13.64;-31.905
Rat_education_Kelsey;Winter;67.53163787;-17.04;-38.045
Rat_education_Lee;Summer;0.011780818;-28.53;-36.895
Rat_education_Lee;Winter;8.978393968;-37.15;-37.775
Rat_education_Leonardo;Summer;44.26382062;-42.165;-45.465
Rat_education_Leonardo;Winter;54.48922805;-53.26;-50.91
Rat_education_Lincoln;Summer;0.07186785;-14.03;-41.47
Rat_education_Lincoln;Winter;52.11647019;-21.685;-45.345
Rat_education_Liz;Summer;0.014623765;-4.915;-23.935
Rat_education_Liz;Winter;9.557496704;18.53;-15.875
Rat_education_Lonnie;Summer;0.071326369;-70.5;-71.685
Rat_education_Lonnie;Winter;46.05275876;-60.59;-63.64
Rat_education_Lynn;Summer;0.922874373;10.185;-18.935
Rat_education_Lynn;Winter;0.384841255;181.45;25.295
Rat_education_Marcos;Summer;166.7634752;-68.94;-49.02
Rat_education_Marcos;Winter;0.094310915;-48.565;-33.49
Rat_education_Marianna;Summer;0.36514797;7.85;-25.73
Rat_education_Marianna;Winter;0.185705517;12.675;-22.77
Rat_education_Maricela;Summer;0.152599861;-32.34;-45.685
Rat_education_Maricela;Winter;101.9301415;-30.79;-49.5
Rat_education_Marvin;Summer;0.021538459;-17.16;-33.32
Rat_education_Marvin;Winter;16.8253742;-23.9;-24.815
Rat_education_Mavis;Summer;0.005216074;-11.475;-17.79
Rat_education_Mavis;Winter;0.005187656;167.96;31.95
Rat_education_Meghan;Summer;91.05816696;-40.53;-48.14
Rat_education_Meghan;Winter;0.058647689;-40.04;-46.01
Rat_education_Milagros;Summer;11.26432342;-42.46;-54.015
Rat_education_Milagros;Winter;0.00887367;157.3;8.805
Rat_education_Mona;Summer;48.84138614;-54.85;-68.92
Rat_education_Mona;Winter;44.07137348;-67.76;-71.57
Rat_education_Morton;Summer;0.021356773;-28.19;-33.96
Rat_education_Morton;Winter;14.06106022;-28.32;-35.3
Rat_education_Mose;Summer;2.377321578;32.825;-24.9
Rat_education_Mose;Winter;0.0019419;245.815;82.06
Rat_education_Nellie;Summer;0.09025214;-53.48;-55.81
Rat_education_Nellie;Winter;61.6430805;-44.775;-52.95
Rat_education_Nona;Summer;2.886968236;-62.375;-59.31
Rat_education_Nona;Winter;0.00388856;73.025;12.19
Rat_education_Nydia;Summer;0.043078751;-35.875;-53.42
Rat_education_Nydia;Winter;31.7337829;-40.335;-57.78
Rat_education_Pat;Summer;0.04166307;-46.76;-60.43
Rat_education_Pat;Winter;27.12954276;-58.42;-67.02
Rat_education_Patty;Summer;0.030625176;111.62;8.87
Rat_education_Patty;Winter;0.010805597;218.065;41.59
Rat_education_Renee;Summer;0.052575219;-29.17;-31.27
Rat_education_Renee;Winter;32.42191228;-32.62;-38.525
Rat_education_Robyn;Summer;220.8233186;-68.29;-53.14
Rat_education_Robyn;Winter;183.0456231;-64.855;-50.095
Rat_education_Rogelio;Summer;0.102843934;-72.88;-53.75
Rat_education_Rogelio;Winter;0.053474717;-69.66;-49.355
Rat_education_Rosalyn;Summer;0.050665421;-35.445;-51.97
Rat_education_Rosalyn;Winter;0.027430348;-31.38;-43.005
Rat_education_Royal;Summer;0.006322823;-53.76;-45.16
Rat_education_Royal;Winter;3.325033247;-39.86;-40.355
Rat_education_Salvatore;Summer;197.6347693;-82.18;-58.45
Rat_education_Salvatore;Winter;241.8433103;-68.06;-55.72
Rat_education_Shellie;Summer;0.103369394;-10.86;-42.14
Rat_education_Shellie;Winter;78.82623819;-20.46;-44.4
Rat_education_Sherwood;Summer;0.006052573;88.25;-4.55
Rat_education_Sherwood;Winter;0.003397073;57.68;-6.85
Rat_education_Sina;Summer;0.001976503;-44.19;-36.74
Rat_education_Sina;Winter;0.001157444;146.155;21.51
Rat_education_Stuart;Summer;0.013251057;-30.86;-54.18
Rat_education_Stuart;Winter;8.827410104;-37.645;-59.115
Rat_education_Terese;Summer;0.011481511;103.21;-9.815
Rat_education_Terese;Winter;6.526680217;40;5.675
Rat_education_Theo;Summer;80.10657429;-63.76;-59.29
Rat_education_Theo;Winter;0.046384158;-69.765;-57.935
Rat_education_Tim;Summer;0.030234134;-41.54;-40.73
Rat_education_Tim;Winter;22.66081602;60.58;-13.72
Rat_education_Ulrike;Summer;0.448146198;-39.455;-40.06
Rat_education_Ulrike;Winter;255.1402671;-47.925;-43.56
Rat_education_Verna;Summer;0.064276129;-26.52;-47.82
Rat_education_Verna;Winter;0.02721546;-38.5;-52.255
Rat_education_Vicky;Summer;16.09618401;-17.675;-45.375
Rat_education_Vicky;Winter;12.29679582;-27.02;-47.15
Rat_education_Willie;Summer;0.019566716;0.65;-21.46
Rat_education_Willie;Winter;0.012717839;-2.085;-12.85
Rat_education_Wilmer;Summer;0.07423657;-47.83;-54.495
Rat_education_Wilmer;Winter;0.04146282;-35.66;-43.15
Rat_education_Winnie;Summer;38.1478108;-40.075;-49.035
Rat_education_Winnie;Winter;52.33082965;-25.855;-45.235
Rat_education_Yu;Summer;0.037633112;-39.16;-55.04
Rat_education_Yu;Winter;0.024041856;8.48;-30.44
Rat_education_Zina;Summer;0.050489947;-46.325;-66.35
Rat_education_Zina;Winter;35.41063188;-57.81;-67.115
Rat_education_Zoe;Summer;0.004745207;5.645;-32.115
Rat_education_Zoe;Winter;9.775057728;3.135;-29.055
Robin_education_Audrea;Summer;483.0633561;3.76;-22.82
Robin_education_Audrea;Winter;421.3469582;4.77;-28.03
Robin_education_Billi;Summer;43.47754697;-58.125;-73.155
Robin_education_Billi;Winter;46.98129211;-66.41;-74.36
Robin_education_Cecilia;Summer;1.651342858;-50.84;-51.435
Robin_education_Cecilia;Winter;167.2302937;-64.08;-54.54
Robin_education_Derrick;Summer;157.1921539;-25.985;-42.04
Robin_education_Derrick;Winter;156.6273862;-35.83;-44.72
Robin_education_Jasper;Summer;203.7263295;-6.83;-34.32
Robin_education_Jasper;Winter;215.9045494;-7.28;-34.785
Robin_education_Julius;Summer;1.140992101;-40.32;-47.865
Robin_education_Julius;Winter;0.06732901;-44.14;-53.69
Robin_education_Karyl;Summer;150.8593404;-27.89;-42.195
Robin_education_Karyl;Winter;136.4918663;-36.695;-49.485
Robin_education_Kiera;Summer;68.78575419;-54.8;-60.16
Robin_education_Kiera;Winter;76.18015971;-64.315;-65.145
Robin_education_Kristopher;Summer;98.73501811;6.285;-31.705
Robin_education_Kristopher;Winter;97.17001405;-9.04;-36.985
Robin_education_Lashandra;Summer;0.460721202;-46.83;-46.47
Robin_education_Lashandra;Winter;50.78455442;-32.23;-40.81
Robin_education_Leslie;Summer;3.063074346;-27.62;-40.725
Robin_education_Leslie;Winter;299.6248974;-36.17;-42.465
Robin_education_Lizbeth;Summer;2.713814063;-5.39;-29.075
Robin_education_Lizbeth;Winter;0.134734392;-0.44;-30.92
Robin_education_Madeline;Summer;168.9935448;-30.63;-37.12
Robin_education_Madeline;Winter;168.2045878;-21.08;-37.825
Robin_education_Margarito;Summer;2.833986344;-30.285;-37.22
Robin_education_Margarito;Winter;253.6973075;-15.56;-34.94
Robin_education_Megan;Summer;150.5608962;-19.125;-36.4
Robin_education_Megan;Winter;0.082043205;-7.71;-33.55
Robin_education_Mercedes;Summer;2.29545422;-8.15;-34.62
Robin_education_Mercedes;Winter;189.603308;-10.65;-38.87
Robin_education_So;Summer;176.9006945;-17.69;-34.445
Robin_education_So;Winter;181.1246784;-21.02;-39.24
Robin_education_Takako;Summer;562.4609074;-21.905;-35.09
Robin_education_Takako;Winter;318.61467;-3.56;-32.47
Robin_education_Terrance;Summer;138.4618102;-26.28;-42.765
Robin_education_Terrance;Winter;0.07935794;-23.97;-39.97
Robin_education_Zenia;Summer;1.655061461;-30.01;-45.425
Robin_education_Zenia;Winter;151.417958;-35.22;-44.665
Wolf_education_Anisa;Summer;79.6468809;87.115;-7.235
Wolf_education_Anisa;Winter;102.9595007;-72.415;-64.84
Wolf_education_Arnulfo;Summer;28.18941454;3.95;-32.07
Wolf_education_Arnulfo;Winter;33.54286796;-58.81;-57.72
Wolf_education_Bobby;Summer;40.73755348;-51.515;-59.9
Wolf_education_Bobby;Winter;43.46102094;-77;-63.45
Wolf_education_Cheryl;Summer;20.97776743;-48.93;-56.09
Wolf_education_Cheryl;Winter;22.54560647;-66.425;-60.22
Wolf_education_Clarissa;Summer;32.74288064;-28.39;-36.655
Wolf_education_Clarissa;Winter;34.12704651;-39.47;-52.25
Wolf_education_Cody;Summer;38.00253363;-42.055;-40.59
Wolf_education_Cody;Winter;38.42359261;-57;-61.6
Wolf_education_Dolores;Summer;24.83730423;-37.995;-50.89
Wolf_education_Dolores;Winter;26.63147204;-64.39;-62.98
Wolf_education_Dorris;Summer;122.7533756;-59.1;-49.235
Wolf_education_Dorris;Winter;122.4584884;-47.005;-41.23
Wolf_education_Eulalia;Summer;37.3223619;-80.07;-70.84
Wolf_education_Eulalia;Winter;37.95066426;-82.685;-73.905
Wolf_education_Joaquin;Summer;126.9180541;13.53;-19.84
Wolf_education_Joaquin;Winter;132.0400194;-5.1;-27.31
Wolf_education_Josefa;Summer;43.22983;-68.48;-76.36
Wolf_education_Josefa;Winter;47.58458;-73.79;-77.995
Wolf_education_Katie;Summer;39.11553771;-37.61;-52.65
Wolf_education_Katie;Winter;41.15573493;-52.53;-64.51
Wolf_education_Laurinda;Summer;47.24476358;-45.52;-60.275
Wolf_education_Laurinda;Winter;48.82213401;-62.93;-70.245
Wolf_education_Loren;Summer;79.08920263;-34.21;-51.995
Wolf_education_Loren;Winter;82.29659731;-46.35;-59.56
Wolf_education_Miguel;Summer;27.84653793;-42.99;-63.51
Wolf_education_Miguel;Winter;0.014535334;-49.47;-67.65
Wolf_education_Roderick;Summer;25.17553441;-79.685;-56.6
Wolf_education_Roderick;Winter;25.91084707;-73.76;-54.76
Wolf_education_Tammie;Summer;47.3738154;-38.48;-47.47
Wolf_education_Tammie;Winter;45.95754562;-42.385;-50.52
Wolf_education_Tori;Summer;81.76421706;-50.775;-52.29
Wolf_education_Tori;Winter;83.43358163;-61.99;-60.525
Wolf_education_Vivian;Summer;33.81990607;-51.335;-52.415
Wolf_education_Vivian;Winter;37.74913526;-68.95;-71.89
